IDSBR,Status
13058179,Berhasil
13158180,Berhasil
13158185,Berhasil
16740311,Berhasil
16740327,Berhasil
16740425,Berhasil
16740488,Berhasil
16740581,Berhasil
16740630,Berhasil
16740654,Berhasil
16740765,Berhasil
16740869,Berhasil
16741142,Berhasil
16742873,Berhasil
16758604,Berhasil
16758626,Berhasil
16758701,Berhasil
16758731,Berhasil
16758913,Berhasil
16759075,Berhasil
16769798,Berhasil
16769800,Berhasil
16769899,Berhasil
16769903,Berhasil
16770005,Berhasil
16770038,Berhasil
16770043,Berhasil
16770088,Berhasil
16770141,Berhasil
16770145,Berhasil
16770203,Berhasil
16770234,Berhasil
16770257,Berhasil
16770260,Berhasil
16770266,Berhasil
16770738,Berhasil
16770827,Berhasil
16770852,Berhasil
16770853,Berhasil
16770873,Berhasil
16770916,Berhasil
16770948,Berhasil
16770957,Berhasil
16770977,Berhasil
16771044,Berhasil
16771047,Berhasil
16771054,Berhasil
16771100,Berhasil
16771116,Berhasil
16771137,Berhasil
16771207,Berhasil
16771292,Berhasil
16771305,Berhasil
16771330,Berhasil
16771337,Berhasil
16771363,Berhasil
16771398,Berhasil
16771490,Berhasil
16771503,Berhasil
16771508,Berhasil
16771569,Berhasil
16771681,Berhasil
16771780,Berhasil
16771891,Berhasil
16771940,Berhasil
16771947,Berhasil
16772023,Berhasil
16817887,Berhasil
16817889,Berhasil
16817890,Berhasil
2476688,Berhasil
2479557,Berhasil
2484309,Berhasil
2486484,Berhasil
2487490,Gagal - PCL nan tidak ada
2489085,Gagal - PCL nan tidak ada
2489147,Berhasil
2489429,Berhasil
2491917,Berhasil
2493083,Berhasil
2494299,Berhasil
2495722,Berhasil
2495929,Berhasil
2499442,Berhasil
2499943,Berhasil
2501345,Berhasil
2504793,Berhasil
2507494,Berhasil
2508994,Berhasil
2512593,Berhasil
2514226,Berhasil
2519732,Berhasil
2521169,Berhasil
2523338,Berhasil
2548605,Berhasil
2549504,Berhasil
2550745,Berhasil
2550968,Berhasil
2551156,Berhasil
2551373,Berhasil
2552675,Berhasil
2557815,Berhasil
2573381,Berhasil
2573523,Berhasil
2578921,Berhasil
2578957,Berhasil
2579541,Berhasil
2580089,Berhasil
2580093,Berhasil
2585962,Berhasil
2594893,Berhasil
2597581,Berhasil
2599722,Berhasil
2600428,Berhasil
2603034,Berhasil
2612031,Berhasil
2613501,Berhasil
2614141,Berhasil
2620975,Berhasil
2621716,Berhasil
2622537,Berhasil
2623601,Berhasil
2623818,Berhasil
2630031,Berhasil
2631105,Berhasil
2636902,Berhasil
2640568,Berhasil
2642246,Berhasil
2647695,Berhasil
2649200,Berhasil
2649734,Berhasil
2667574,Berhasil
2670754,Berhasil
2672609,Berhasil
2672977,Berhasil
2676761,Berhasil
2680584,Berhasil
2680633,Berhasil
2682062,Berhasil
2689622,Gagal - PCL nan tidak ada
2690035,Berhasil
2693447,Berhasil
2695648,Berhasil
2710433,Berhasil
2713713,Berhasil
2719483,Berhasil
2727742,Berhasil
2753697,Berhasil
2754918,Berhasil
2776168,Berhasil
2776770,Berhasil
2777859,Berhasil
2784915,Berhasil
2784929,Berhasil
2785317,Berhasil
2789650,Berhasil
2791195,Berhasil
2799437,Berhasil
2803767,Berhasil
2806747,Berhasil
2807679,Berhasil
2812297,Berhasil
2813424,Berhasil
2814328,Berhasil
2817228,Berhasil
2821948,Berhasil
2822926,Berhasil
2824330,Berhasil
2836570,Berhasil
2837667,Berhasil
2838472,Berhasil
2841023,Berhasil
2844537,Berhasil
2846760,Berhasil
2846823,Berhasil
2850266,Berhasil
2853585,Berhasil
2854079,Berhasil
2855273,Berhasil
2856412,Berhasil
2858493,Berhasil
2859355,Berhasil
2861525,Berhasil
2863394,Berhasil
2873192,Berhasil
2876402,Berhasil
2876669,Berhasil
2877257,Berhasil
2878567,Berhasil
2879927,Berhasil
2881860,Berhasil
2884152,Berhasil
2888648,Berhasil
2890837,Berhasil
2894971,Berhasil
2896732,Berhasil
2899137,Berhasil
2899296,Berhasil
2900653,Berhasil
2900750,Berhasil
2901116,Berhasil
2903869,Berhasil
2909345,Berhasil
2909438,Berhasil
2909744,Berhasil
2909817,Berhasil
2913505,Berhasil
2917248,Berhasil
2919827,Berhasil
2920880,Berhasil
2921071,Berhasil
2924457,Berhasil
2924516,Berhasil
2924683,Berhasil
2926953,Berhasil
2929110,Berhasil
2929169,Berhasil
2929942,Berhasil
2930922,Berhasil
2931103,Berhasil
2932879,Berhasil
2933595,Berhasil
2933936,Berhasil
2933937,Berhasil
2934226,Berhasil
2941057,Berhasil
2958055,Berhasil
2958450,Berhasil
2960141,Berhasil
2962462,Berhasil
2970150,Berhasil
2971691,Berhasil
2972200,Berhasil
2975672,Berhasil
2977199,Berhasil
2978727,Berhasil
2979057,Berhasil
2983969,Berhasil
2983978,Berhasil
2984563,Berhasil
2985403,Berhasil
2987193,Berhasil
2987933,Berhasil
2988182,Berhasil
2989369,Berhasil
2991249,Berhasil
2993816,Berhasil
2995435,Berhasil
2995855,Berhasil
2996037,Berhasil
2996038,Berhasil
2996800,Berhasil
2997186,Berhasil
2997191,Berhasil
2997517,Berhasil
2998311,Berhasil
2998473,Berhasil
3000010,Berhasil
3001404,Berhasil
3002838,Berhasil
3003299,Berhasil
3005497,Berhasil
3005532,Berhasil
3013977,Berhasil
3016064,Berhasil
3017768,Berhasil
3018028,Berhasil
3020013,Berhasil
3020049,Berhasil
3023199,Berhasil
3027026,Berhasil
3027509,Berhasil
3028477,Berhasil
3032251,Berhasil
3032255,Berhasil
3034109,Berhasil
3036715,Berhasil
3037166,Berhasil
3037416,Berhasil
3038141,Berhasil
3040628,Berhasil
3041511,Berhasil
3046271,Berhasil
3047132,Berhasil
3047714,Berhasil
3051906,Berhasil
3056915,Berhasil
3060573,Berhasil
3062135,Berhasil
3065180,Berhasil
3067558,Berhasil
3068375,Berhasil
3068832,Berhasil
3068918,Berhasil
3071654,Berhasil
3072403,Berhasil
3077911,Berhasil
3085093,Berhasil
3085573,Berhasil
3089871,Berhasil
3091867,Berhasil
3092272,Berhasil
3092280,Berhasil
3092790,Berhasil
3095179,Berhasil
3106277,Berhasil
3108034,Berhasil
3108755,Berhasil
3114935,Berhasil
3119680,Berhasil
3119935,Berhasil
3123559,Berhasil
3129169,Berhasil
3135204,Berhasil
3136208,Berhasil
3140532,Berhasil
3149673,Berhasil
3152253,Berhasil
3155537,Berhasil
3158628,Berhasil
3159345,Berhasil
3161814,Berhasil
3163939,Berhasil
3170865,Berhasil
3171130,Berhasil
3171656,Berhasil
3182710,Berhasil
3185231,Berhasil
3186449,Berhasil
3187165,Berhasil
3188716,Berhasil
3189011,Berhasil
3191878,Berhasil
3201107,Berhasil
3202042,Berhasil
3208584,Berhasil
3208730,Berhasil
3214342,Berhasil
3215199,Berhasil
3219724,Berhasil
3222941,Berhasil
3225014,Berhasil
3226740,Berhasil
3228081,Berhasil
3228268,Berhasil
3228777,Berhasil
3234494,Berhasil
3236554,Berhasil
3242427,Berhasil
3248015,Berhasil
3251357,Berhasil
3251746,Berhasil
3252289,Berhasil
3252854,Berhasil
3253077,Berhasil
3257542,Berhasil
3262184,Berhasil
3263056,Berhasil
3267295,Berhasil
3267908,Berhasil
3268393,Berhasil
3270208,Berhasil
3272041,Berhasil
3276037,Berhasil
3284972,Berhasil
3287557,Berhasil
3294682,Berhasil
3299774,Berhasil
3300396,Berhasil
3303620,Berhasil
3306266,Berhasil
3309845,Berhasil
3316053,Berhasil
3317646,Berhasil
3320057,Berhasil
3324094,Berhasil
3324990,Berhasil
3329698,Berhasil
3329918,Berhasil
3331985,Berhasil
3337396,Berhasil
3344074,Berhasil
3349438,Berhasil
3355348,Berhasil
3356624,Berhasil
3356795,Berhasil
3357259,Berhasil
3362088,Berhasil
3362191,Gagal - PCL nan tidak ada
3365485,Berhasil
3368400,Berhasil
3372625,Berhasil
3382477,Berhasil
3384628,Berhasil
3385968,Berhasil
3388178,Berhasil
3391429,Berhasil
3391532,Berhasil
3393603,Berhasil
3407153,Berhasil
3407966,Berhasil
3408627,Berhasil
3412609,Berhasil
3415446,Berhasil
3417763,Berhasil
3420620,Berhasil
3425562,Berhasil
3429152,Berhasil
3436938,Berhasil
3437172,Berhasil
3437460,Berhasil
3440416,Berhasil
3444093,Berhasil
3445343,Berhasil
3454116,Berhasil
3455777,Berhasil
3460997,Berhasil
3469646,Berhasil
3470866,Berhasil
3477983,Berhasil
3483508,Gagal - PCL nan tidak ada
3490510,Berhasil
3497720,Berhasil
3503531,Berhasil
3506872,Berhasil
3509960,Berhasil
3511695,Berhasil
3517414,Berhasil
3517606,Berhasil
3518536,Berhasil
3518836,Berhasil
3523619,Berhasil
3527155,Berhasil
3528290,Berhasil
3547313,Berhasil
3548033,Berhasil
3565762,Berhasil
3566595,Berhasil
3566786,Berhasil
3577923,Berhasil
3581917,Berhasil
3587487,Berhasil
3589684,Berhasil
3594838,Berhasil
3596485,Gagal - PCL nan tidak ada
3596999,Berhasil
3599269,Berhasil
3607136,Berhasil
3613731,Berhasil
3619525,Berhasil
3622558,Berhasil
3622822,Berhasil
3626807,Berhasil
3627604,Berhasil
3627647,Berhasil
3629497,Berhasil
3629510,Berhasil
3629894,Berhasil
3633208,Berhasil
3633742,Berhasil
3634351,Berhasil
3640687,Berhasil
3643113,Berhasil
3643627,Berhasil
3650136,Berhasil
3659369,Berhasil
3661489,Berhasil
3665124,Berhasil
3666575,Berhasil
3670798,Berhasil
3673867,Berhasil
3686199,Berhasil
3686355,Gagal - PCL nan tidak ada
3690116,Berhasil
3690209,Berhasil
3693495,Berhasil
3700915,Berhasil
3706303,Berhasil
3706306,Berhasil
3709049,Gagal - PCL nan tidak ada
3713605,Berhasil
3714849,Berhasil
3719444,Berhasil
3723277,Berhasil
3724846,Berhasil
3725277,Berhasil
3725464,Berhasil
3727072,Berhasil
3727347,Berhasil
3728142,Berhasil
3728163,Berhasil
3729551,Berhasil
3731962,Berhasil
3733467,Berhasil
3733999,Berhasil
3736119,Berhasil
3736762,Berhasil
3739360,Berhasil
3745770,Berhasil
3759106,Gagal - PCL nan tidak ada
3759621,Berhasil
3759916,Berhasil
3763401,Berhasil
3763418,Berhasil
3765724,Berhasil
3766684,Berhasil
3769387,Berhasil
3770125,Berhasil
3773561,Berhasil
3775110,Berhasil
3775553,Berhasil
3776503,Berhasil
3776940,Berhasil
3782992,Berhasil
3784578,Berhasil
3790145,Berhasil
3790625,Berhasil
3793020,Berhasil
3794548,Berhasil
3797004,Berhasil
3802913,Berhasil
3804687,Berhasil
3810433,Berhasil
3811903,Berhasil
3816370,Gagal - PCL nan tidak ada
3817620,Berhasil
3817785,Berhasil
3818736,Berhasil
3820403,Berhasil
3824448,Berhasil
3824549,Berhasil
3826503,Berhasil
3826574,Berhasil
3832620,Berhasil
3832643,Berhasil
3834708,Berhasil
3837890,Berhasil
3838220,Berhasil
3838455,Berhasil
3850827,Gagal - PCL nan tidak ada
3851455,Berhasil
3851519,Berhasil
3856224,Berhasil
3859356,Berhasil
3859544,Berhasil
3859996,Berhasil
3860560,Berhasil
3860899,Berhasil
3862340,Berhasil
3863085,Berhasil
3863827,Berhasil
3865367,Berhasil
3867527,Gagal - PCL nan tidak ada
3869653,Berhasil
3870021,Berhasil
3870035,Berhasil
3870864,Berhasil
3871939,Gagal - PCL nan tidak ada
3871962,Berhasil
3874392,Berhasil
3875971,Gagal - PCL nan tidak ada
3880906,Berhasil
3881663,Berhasil
3884678,Berhasil
3885922,Berhasil
3886543,Berhasil
3887375,Berhasil
3889051,Berhasil
3897281,Berhasil
3897285,Berhasil
3902361,Berhasil
3907833,Gagal - PCL nan tidak ada
3908470,Berhasil
3908780,Berhasil
3910364,Berhasil
3912402,Berhasil
3913601,Berhasil
3915368,Berhasil
3918413,Berhasil
3918829,Gagal - PCL nan tidak ada
3922689,Berhasil
3923663,Berhasil
3925769,Berhasil
3926151,Berhasil
3926331,Berhasil
3926462,Berhasil
3927165,Berhasil
3929547,Berhasil
3933992,Berhasil
3937123,Berhasil
3937531,Berhasil
3937554,Berhasil
3938520,Berhasil
3941704,Berhasil
3943403,Berhasil
3946029,Berhasil
3946920,Berhasil
3948836,Berhasil
3950254,Berhasil
3950807,Berhasil
3951782,Berhasil
3956631,Berhasil
3959138,Berhasil
3961868,Berhasil
3964910,Berhasil
3965495,Berhasil
3969130,Berhasil
3970877,Berhasil
3971496,Berhasil
3973532,Berhasil
3974893,Berhasil
3984284,Berhasil
3986261,Berhasil
3986301,Berhasil
3986305,Berhasil
3986518,Berhasil
3986621,Berhasil
3991509,Berhasil
3992036,Berhasil
3992466,Berhasil
3996459,Berhasil
3996628,Berhasil
3997690,Berhasil
3999212,Berhasil
4001917,Berhasil
4003106,Berhasil
4009082,Berhasil
4010879,Berhasil
4011632,Berhasil
4016255,Berhasil
4019307,Berhasil
4019323,Berhasil
4019504,Berhasil
4019529,Berhasil
4027657,Berhasil
4028830,Berhasil
4030523,Berhasil
4032704,Berhasil
4032761,Berhasil
4052057,Berhasil
4062767,Berhasil
4066725,Berhasil
4068270,Berhasil
4074961,Berhasil
4076285,Berhasil
4084546,Berhasil
4086032,Berhasil
4086536,Berhasil
4087025,Berhasil
4087432,Berhasil
4088001,Berhasil
4088843,Berhasil
4107983,Berhasil
4117709,Berhasil
4117895,Berhasil
4120369,Berhasil
4121695,Berhasil
4122117,Berhasil
4122180,Berhasil
4122526,Berhasil
4122982,Berhasil
4123299,Berhasil
4125628,Berhasil
4126161,Berhasil
4126531,Berhasil
4126534,Berhasil
4128838,Berhasil
4129263,Berhasil
4129729,Berhasil
4130130,Berhasil
4130481,Berhasil
4130576,Berhasil
4132079,Berhasil
4142520,Berhasil
4145457,Berhasil
4145507,Berhasil
4147218,Berhasil
4148333,Berhasil
4152553,Berhasil
4152592,Berhasil
4157533,Berhasil
4160586,Berhasil
4164035,Berhasil
4164579,Berhasil
4165737,Berhasil
4166556,Berhasil
4167514,Berhasil
4169079,Berhasil
4169162,Berhasil
4173538,Berhasil
4174628,Berhasil
4176223,Gagal - PCL nan tidak ada
4178137,Berhasil
4179617,Berhasil
4187275,Berhasil
4190155,Berhasil
4192049,Berhasil
4192884,Berhasil
4193764,Berhasil
4193807,Berhasil
4195628,Berhasil
4202309,Berhasil
4202431,Berhasil
4202476,Berhasil
4205133,Berhasil
4205260,Berhasil
4213067,Berhasil
4214300,Berhasil
4215520,Berhasil
4217591,Berhasil
4223180,Berhasil
4226184,Berhasil
4228084,Berhasil
4228511,Berhasil
4237441,Berhasil
4247102,Berhasil
4247715,Gagal - PCL nan tidak ada
4250653,Berhasil
4251294,Berhasil
4255972,Berhasil
4256167,Berhasil
4266367,Berhasil
4267542,Berhasil
4267767,Berhasil
4267867,Berhasil
4268275,Berhasil
4277875,Berhasil
4285754,Berhasil
4292492,Berhasil
4294369,Berhasil
4296980,Berhasil
4297606,Berhasil
4303018,Berhasil
4307238,Berhasil
4310690,Berhasil
4315637,Berhasil
4317332,Berhasil
4319347,Berhasil
4319923,Berhasil
4321920,Berhasil
4325955,Berhasil
4326347,Berhasil
4327749,Berhasil
4336681,Berhasil
4336703,Berhasil
4337026,Berhasil
4346359,Berhasil
4347768,Berhasil
4350000,Berhasil
4350440,Berhasil
4351096,Berhasil
4352459,Berhasil
4355645,Berhasil
4363509,Berhasil
4367813,Berhasil
4368716,Gagal - PCL nan tidak ada
4371977,Berhasil
4373702,Berhasil
4377904,Berhasil
4383650,Berhasil
4394142,Berhasil
4395141,Berhasil
4396788,Berhasil
4400158,Berhasil
4405975,Berhasil
4411672,Berhasil
4417236,Berhasil
4417853,Berhasil
4418384,Berhasil
4421858,Berhasil
4423794,Berhasil
4427943,Berhasil
4428680,Berhasil
4429471,Berhasil
4430230,Berhasil
4430629,Berhasil
4431457,Berhasil
4432239,Berhasil
4433121,Berhasil
4433841,Berhasil
4434686,Berhasil
4438449,Berhasil
4439020,Berhasil
4440307,Berhasil
4441511,Berhasil
4441658,Berhasil
4443599,Berhasil
4446572,Berhasil
4447645,Berhasil
4449083,Berhasil
4449696,Berhasil
4452535,Berhasil
4453630,Berhasil
4453851,Berhasil
4460850,Berhasil
4462734,Berhasil
4463803,Berhasil
4464152,Berhasil
4464449,Berhasil
4464763,Berhasil
4468249,Berhasil
4471781,Berhasil
4472164,Berhasil
4473218,Berhasil
4475419,Berhasil
4476913,Berhasil
4478591,Berhasil
4482163,Berhasil
4487501,Berhasil
4488379,Berhasil
4489552,Berhasil
4493706,Berhasil
4494093,Berhasil
4494488,Berhasil
4495893,Berhasil
4498142,Berhasil
4501305,Berhasil
4503994,Berhasil
4504276,Berhasil
4506512,Berhasil
4507158,Berhasil
4512006,Berhasil
4513182,Berhasil
4513898,Berhasil
4521145,Berhasil
4523679,Berhasil
4525505,Berhasil
4533698,Berhasil
4534430,Berhasil
4535873,Berhasil
4535949,Berhasil
4536248,Berhasil
4536700,Berhasil
4536861,Berhasil
4537621,Berhasil
4538631,Berhasil
4544016,Berhasil
4544059,Berhasil
4544807,Berhasil
4545383,Berhasil
4546921,Berhasil
4546949,Berhasil
4547788,Berhasil
4549988,Berhasil
4556016,Berhasil
4556023,Berhasil
4558416,Berhasil
4560499,Berhasil
4561263,Berhasil
4565253,Berhasil
4567298,Berhasil
4571097,Berhasil
4577926,Berhasil
4578811,Berhasil
4579691,Berhasil
4580867,Berhasil
4589657,Gagal - PCL nan tidak ada
4596610,Berhasil
4702282,Berhasil
4702283,Berhasil
4702284,Berhasil
4702285,Gagal - PCL nan tidak ada
4707589,Berhasil
4707632,Berhasil
4707916,Berhasil
4708320,Berhasil
4709171,Berhasil
47602,Berhasil
47605,Berhasil
47814,Berhasil
48199,Berhasil
48228,Berhasil
48293,Gagal - PCL nan tidak ada
48356,Berhasil
48516,Berhasil
48521,Berhasil
48530,Berhasil
48630,Berhasil
48681,Berhasil
48751,Berhasil
49030,Berhasil
6088721,Berhasil
6116818,Berhasil
6196443,Berhasil
6196507,Berhasil
6196583,Berhasil
6197024,Berhasil
6197108,Berhasil
6197151,Berhasil
6197194,Berhasil
6197552,Berhasil
6197697,Berhasil
6197760,Berhasil
6197935,Berhasil
6197965,Berhasil
6198095,Berhasil
6198155,Berhasil
6198156,Berhasil
6198343,Gagal - PCL nan tidak ada
6198390,Berhasil
6198804,Berhasil
6198856,Berhasil
6198892,Berhasil
6199224,Berhasil
6199334,Gagal - PCL nan tidak ada
6199422,Berhasil
6199473,Berhasil
6199611,Berhasil
6199711,Berhasil
6199765,Berhasil
6199878,Berhasil
6199883,Gagal - PCL nan tidak ada
6199920,Berhasil
6199955,Berhasil
6199983,Berhasil
6200006,Berhasil
6200153,Berhasil
6200159,Berhasil
6200217,Berhasil
6200231,Berhasil
6200752,Berhasil
6200940,Berhasil
6201549,Berhasil
6202430,Berhasil
6202443,Berhasil
6202446,Berhasil
6202457,Berhasil
6202505,Gagal - PCL nan tidak ada
6202506,Berhasil
6202507,Berhasil
6202509,Berhasil
6202510,Berhasil
6202539,Berhasil
6202540,Berhasil
6202592,Berhasil
6202604,Berhasil
6202615,Berhasil
6202617,Berhasil
6202634,Berhasil
6202651,Berhasil
6202659,Berhasil
6202660,Berhasil
6202689,Berhasil
6202704,Berhasil
6202711,Berhasil
6202714,Berhasil
6202736,Berhasil
6202783,Berhasil
6288686,Berhasil
6288929,Berhasil
6288957,Berhasil
6288993,Berhasil
6289075,Berhasil
6289087,Berhasil
6289260,Berhasil
6289351,Berhasil
6289647,Berhasil
6289677,Berhasil
6289923,Berhasil
6289943,Berhasil
6290086,Berhasil
6470186,Berhasil
6470192,Berhasil
6472655,Berhasil
6473144,Berhasil
6477365,Berhasil
6704885,Berhasil
6704898,Berhasil
6704899,Berhasil
6704919,Berhasil
6704928,Berhasil
6704937,Berhasil
6704947,Berhasil
6704963,Berhasil
6705529,Berhasil
6730430,Berhasil
7267604,Berhasil
7268718,Berhasil
7268783,Berhasil
7268955,Berhasil
7269035,Berhasil
7269097,Berhasil
7270681,Berhasil
7270891,Berhasil
7271102,Berhasil
7271606,Berhasil
7273149,Berhasil
7273209,Berhasil
7273433,Berhasil
7273626,Berhasil
7274311,Berhasil
7276747,Berhasil
7276959,Berhasil
7277884,Berhasil
7278764,Berhasil
7279634,Berhasil
7279635,Berhasil
7279637,Berhasil
7279639,Berhasil
7279640,Berhasil
7279642,Berhasil
7279645,Berhasil
7279649,Berhasil
7279653,Berhasil
7280261,Berhasil
7280269,Berhasil
7475499,Berhasil
7475655,Berhasil
7476075,Berhasil
7476287,Berhasil
7477000,Berhasil
7477792,Berhasil
7477836,Berhasil
7477849,Berhasil
7477850,Berhasil
7477894,Berhasil
7479862,Berhasil
7480173,Berhasil
7480339,Berhasil
7480395,Berhasil
7480420,Berhasil
7480625,Berhasil
7480695,Berhasil
7480837,Berhasil
7480972,Berhasil
7480998,Berhasil
7481048,Berhasil
7481051,Berhasil
7481436,Berhasil
7482063,Berhasil
7482116,Berhasil
7482123,Berhasil
7482133,Berhasil
7482337,Berhasil
7482512,Berhasil
7482603,Berhasil
7482607,Berhasil
7482767,Berhasil
7482871,Berhasil
7483021,Berhasil
7483215,Berhasil
7484182,Berhasil
7484363,Berhasil
7484566,Berhasil
7484575,Berhasil
7484592,Berhasil
7484645,Berhasil
7484811,Berhasil
7484846,Berhasil
7485036,Berhasil
7485377,Berhasil
7485565,Berhasil
7485802,Berhasil
7485813,Berhasil
7485868,Berhasil
7487453,Berhasil
7487586,Berhasil
7487609,Berhasil
7487635,Berhasil
7487714,Berhasil
7487760,Berhasil
7487921,Berhasil
7487947,Berhasil
7488101,Berhasil
7488708,Berhasil
7488713,Berhasil
7488782,Berhasil
7488983,Berhasil
7488986,Berhasil
7489107,Berhasil
7489232,Berhasil
7489238,Berhasil
7489300,Berhasil
7489315,Berhasil
7489562,Berhasil
7489861,Berhasil
7489922,Berhasil
94414453,Berhasil
94420251,Berhasil
94420277,Berhasil
94440253,Berhasil
94456437,Berhasil
94456973,Berhasil
94637541,Berhasil
94650931,Berhasil
94904,Berhasil
95799142,Berhasil
95800624,Berhasil
95801957,Berhasil
95802059,Berhasil
95802209,Berhasil
95803147,Berhasil
95803186,Berhasil
95803302,Berhasil
95804923,Berhasil
95805263,Berhasil
95805673,Berhasil
95806255,Berhasil
95806349,Berhasil
95806729,Berhasil
95807645,Berhasil
95808063,Berhasil
95808065,Berhasil
95808693,Berhasil
95809040,Gagal - PCL nan tidak ada
95809400,Berhasil
95810901,Berhasil
95810989,Berhasil
95811049,Berhasil
95811169,Berhasil
95811286,Berhasil
95811306,Berhasil
95811958,Berhasil
95811959,Berhasil
95812386,Berhasil
95812428,Berhasil
95812863,Berhasil
95812893,Berhasil
95813852,Berhasil
95813863,Berhasil
95814885,Berhasil
95815401,Berhasil
95819949,Berhasil
95819996,Berhasil
95820378,Berhasil
95820419,Berhasil
95820554,Berhasil
95820672,Berhasil
95821135,Berhasil
95821271,Berhasil
95821353,Berhasil
95821868,Berhasil
95822066,Berhasil
95823190,Berhasil
95823288,Berhasil
95823858,Berhasil
95824973,Berhasil
95825446,Berhasil
95825632,Berhasil
95826385,Berhasil
95827205,Berhasil
95829060,Berhasil
95830052,Berhasil
95830208,Berhasil
95830484,Berhasil
95830751,Berhasil
95831029,Berhasil
95831751,Berhasil
95833403,Berhasil
95833711,Berhasil
95834066,Berhasil
95834081,Berhasil
95834082,Berhasil
95834157,Berhasil
95834220,Berhasil
95836479,Berhasil
95837208,Berhasil
95838506,Berhasil
95838773,Berhasil
95839196,Berhasil
95839355,Berhasil
95843907,Berhasil
95843976,Berhasil
95843977,Berhasil
95845132,Berhasil
95845712,Berhasil
95845928,Berhasil
95846017,Berhasil
95846507,Berhasil
95846703,Berhasil
95846748,Berhasil
95846954,Berhasil
95847020,Berhasil
95847663,Berhasil
95848482,Berhasil
95849320,Berhasil
95849372,Berhasil
95849649,Berhasil
95849881,Berhasil
95850198,Berhasil
95851289,Berhasil
95852973,Berhasil
95853798,Berhasil
95853801,Berhasil
95853805,Berhasil
95853852,Berhasil
95853995,Berhasil
95855018,Berhasil
95855336,Berhasil
95856233,Berhasil
95856590,Berhasil
95857392,Berhasil
95858021,Berhasil
95858577,Berhasil
95859457,Berhasil
95860971,Berhasil
95864931,Berhasil
95864932,Berhasil
95864949,Berhasil
95865150,Berhasil
95866190,Berhasil
95866622,Berhasil
95867980,Berhasil
95869212,Berhasil
95869659,Berhasil
95869745,Berhasil
95871076,Berhasil
95871366,Berhasil
95871369,Berhasil
95871845,Berhasil
95871936,Berhasil
95872221,Berhasil
95872265,Berhasil
95872412,Berhasil
95872892,Berhasil
95873105,Berhasil
95873277,Berhasil
95873528,Berhasil
95874111,Berhasil
95874160,Berhasil
95874167,Berhasil
95874484,Berhasil
95874675,Berhasil
95875345,Berhasil
95876674,Berhasil
95877040,Berhasil
95878777,Berhasil
95879484,Berhasil
95879498,Berhasil
95879566,Berhasil
95880182,Berhasil
95880974,Berhasil
95882354,Berhasil
95883404,Berhasil
95883468,Berhasil
95884606,Berhasil
95885329,Berhasil
95888585,Berhasil
95888778,Berhasil
95889117,Berhasil
95890747,Gagal - PCL nan tidak ada
95890874,Berhasil
95890987,Berhasil
95891001,Berhasil
95891003,Berhasil
95891505,Berhasil
95891506,Berhasil
95891741,Berhasil
95891994,Berhasil
95892425,Berhasil
95892469,Berhasil
95892761,Berhasil
95892762,Berhasil
95893741,Berhasil
95893798,Berhasil
95896501,Berhasil
95896756,Berhasil
95897392,Berhasil
95897664,Berhasil
95898052,Berhasil
95898558,Berhasil
95898719,Berhasil
95898835,Berhasil
95898857,Berhasil
95899055,Berhasil
95899061,Berhasil
95899426,Berhasil
95899628,Berhasil
95899689,Berhasil
95899889,Berhasil
95900407,Berhasil
95901035,Berhasil
95901376,Berhasil
95902025,Berhasil
95902428,Berhasil
95902545,Berhasil
95903367,Berhasil
95903677,Berhasil
95903819,Berhasil
95904783,Berhasil
95904832,Berhasil
95904898,Berhasil
95906647,Berhasil
95907358,Berhasil
95907483,Berhasil
95907816,Berhasil
95907986,Berhasil
95908254,Berhasil
95908545,Berhasil
95910928,Berhasil
95911192,Berhasil
95911891,Berhasil
95913233,Berhasil
95913478,Berhasil
95913567,Berhasil
95914335,Berhasil
95914553,Berhasil
95914588,Berhasil
95916632,Berhasil
95917329,Berhasil
95917600,Berhasil
95917984,Gagal - PCL nan tidak ada
95918050,Berhasil
95918151,Berhasil
95918166,Berhasil
95918413,Berhasil
95918617,Berhasil
95920147,Berhasil
95920241,Berhasil
95920254,Berhasil
95920282,Berhasil
95920772,Berhasil
95922069,Berhasil
95922396,Berhasil
95923818,Berhasil
95923967,Berhasil
95924135,Berhasil
95924559,Berhasil
95924699,Gagal - PCL nan tidak ada
95924950,Berhasil
95925550,Berhasil
95926038,Berhasil
95927231,Berhasil
95927438,Berhasil
95928054,Berhasil
95928556,Berhasil
95933210,Berhasil
95933329,Berhasil
95933734,Berhasil
95933734,Berhasil
95934668,Berhasil
95934870,Berhasil
95935445,Berhasil
95936156,Berhasil
95936876,Berhasil
95937245,Berhasil
95937397,Berhasil
95937411,Berhasil
95937431,Gagal - PCL nan tidak ada
95937462,Berhasil
95937535,Berhasil
95938517,Gagal - PCL nan tidak ada
95938542,Berhasil
95939771,Gagal - PCL nan tidak ada
95940623,Berhasil
95941715,Berhasil
95942260,Berhasil
95942452,Berhasil
95942678,Berhasil
95942711,Berhasil
95943441,Berhasil
95944351,Berhasil
95945341,Berhasil
95946086,Berhasil
95946436,Berhasil
95946528,Gagal - PCL nan tidak ada
95946592,Berhasil
95946851,Berhasil
95947052,Berhasil
95947402,Berhasil
95948118,Berhasil
95948150,Berhasil
95948364,Berhasil
95948964,Berhasil
95949183,Berhasil
95950014,Berhasil
95951133,Berhasil
95951254,Berhasil
95953255,Berhasil
95953753,Berhasil
95954314,Gagal - PCL nan tidak ada
95954892,Berhasil
95955018,Berhasil
95955056,Berhasil
95955180,Gagal - PCL nan tidak ada
95955491,Berhasil
95955721,Berhasil
95956248,Berhasil
95957663,Berhasil
95957742,Berhasil
95957830,Berhasil
95958719,Berhasil
95960224,Berhasil
95960560,Berhasil
95960768,Berhasil
95961740,Berhasil
95962153,Berhasil
95963916,Berhasil
95964496,Berhasil
95964659,Berhasil
95964660,Berhasil
95965333,Berhasil
95965526,Berhasil
95965703,Berhasil
95965863,Berhasil
95966598,Berhasil
95967445,Berhasil
95968073,Berhasil
95969102,Berhasil
95970387,Berhasil
95972262,Berhasil
97739285,Berhasil
97740176,Berhasil
97740970,Berhasil
97741023,Berhasil
97741126,Berhasil
97741295,Berhasil
97741579,Berhasil
97741620,Berhasil
97741845,Berhasil
97742231,Berhasil
97742458,Berhasil
97742637,Berhasil
97742651,Berhasil
97742906,Berhasil
97742941,Gagal - PCL nan tidak ada
97743237,Gagal - PCL nan tidak ada
97743551,Berhasil
97743595,Berhasil
97743801,Berhasil
97743959,Berhasil
97743969,Gagal - PCL nan tidak ada
97743987,Berhasil
97744951,Berhasil
97745039,Berhasil
97745106,Berhasil
97745136,Berhasil
97745151,Berhasil
97745289,Berhasil
97745330,Berhasil
97745365,Berhasil
97745575,Berhasil
97746005,Berhasil
97746216,Berhasil
97746647,Berhasil
97746751,Berhasil
97746781,Berhasil
97746842,Berhasil
97747019,Berhasil
97747032,Berhasil
97747151,Berhasil
97747160,Berhasil
97747834,Berhasil
97748054,Berhasil
97748068,Berhasil
97748197,Gagal - PCL nan tidak ada
97748223,Berhasil
97748231,Gagal - PCL nan tidak ada
97748392,Berhasil
97748445,Berhasil
97748504,Berhasil
97748558,Berhasil
97748635,Berhasil
97748935,Berhasil
97749184,Berhasil
98054915,Berhasil
98054917,Berhasil
98054918,Berhasil
98054919,Berhasil
98054924,Berhasil
98054925,Berhasil
98054934,Berhasil
98054939,Berhasil
98054950,Berhasil
98054964,Berhasil
98054969,Berhasil
98054973,Berhasil
98054989,Berhasil
98054994,Berhasil
98056128,Berhasil
98058877,Berhasil
98058894,Berhasil
98059180,Berhasil
98059522,Berhasil
